26,2019-10-01 09:00:00,
30,2019-10-01 09:00:20,ddfe9572bfb34ed89b17bccdbaa31933.avi
26,2019-10-01 09:11:23,
30,2019-10-01 09:11:43,6fbcb2de389e4867a1f0072d7b0e4326.avi
26,2019-10-01 09:13:37,
30,2019-10-01 09:13:57,1c62dadc09c3471492bb82163248cdbf.avi
26,2019-10-01 09:18:39,
30,2019-10-01 09:18:59,ebae002d87fc42a78a7e48e9f3a5af2d.avi
26,2019-10-01 09:20:53,
30,2019-10-01 09:21:13,6fa168efeaa94f81a0b4f8afd2ed6467.avi
26,2019-10-01 10:53:31,
26,2019-10-01 10:54:07,
26,2019-10-01 10:55:32,
26,2019-10-01 10:56:57,
30,2019-10-01 10:57:17,38afd87331ce4ca5a699d6bf38197c54.avi
26,2019-10-01 11:20:06,
30,2019-10-01 11:20:26,4ab8eb36033b424c908cc7494e7b0835.avi
26,2019-10-01 11:23:57,
30,2019-10-01 11:24:17,3cd723e1df55436cb8aad4938034fde9.avi
26,2019-10-01 11:32:04,
30,2019-10-01 11:32:24,cf6c26849a9844fabe37561b232b2700.avi
26,2019-10-01 11:34:41,
26,2019-10-01 11:35:10,
30,2019-10-01 11:35:30,97cc68d25df04901bd79107e827841a5.avi
26,2019-10-01 11:37:24,
30,2019-10-01 11:37:44,5ab4e0aeb3e54c80b02f11ca26323498.avi
26,2019-10-01 11:41:42,
30,2019-10-01 11:42:02,20d6c92f3820458ca46b388aa9a05f12.avi
26,2019-10-01 11:43:18,
30,2019-10-01 11:43:38,25af7a0d09e9470f8544fb6661f5ca94.avi
26,2019-10-01 11:45:06,
30,2019-10-01 11:45:26,d8e4f1dc1b634596af197b31fab745ea.avi
26,2019-10-01 11:46:44,
30,2019-10-01 11:47:04,cadc7dacdf834cc7b6bf79b87edc625e.avi
26,2019-10-01 11:47:33,
26,2019-10-01 11:49:06,
26,2019-10-01 11:49:46,
26,2019-10-01 11:53:00,
26,2019-10-01 11:53:41,
26,2019-10-01 11:54:04,
26,2019-10-01 11:54:39,
26,2019-10-01 11:55:03,
26,2019-10-01 11:57:19,
26,2019-10-01 11:58:10,
30,2019-10-01 11:58:30,f3ee742842874077927caf5a513967c6.avi
26,2019-10-01 12:00:56,
26,2019-10-01 12:02:28,
30,2019-10-01 12:02:35,27313a6dccb74b4f826911a36f8344bb.avi
26,2019-10-01 12:03:05,
30,2019-10-01 12:03:09,7edee2afe19c40d19b72224387212618.avi
